{
  "parent": "block/cube",
  "textures": {
    "down": "yetsomeotherbackroomsmod:block/bamboo_block_top",
    "up": "yetsomeotherbackroomsmod:block/bamboo_block_top",
    "north": "yetsomeotherbackroomsmod:block/bamboo_block",
    "east": "yetsomeotherbackroomsmod:block/bamboo_block",
    "south": "yetsomeotherbackroomsmod:block/bamboo_block",
    "west": "yetsomeotherbackroomsmod:block/bamboo_block",
    "particle": "yetsomeotherbackroomsmod:block/bamboo_block_top"
  },
  "render_type": "solid"
}