{
  "display": {
    "background": "minecraft:textures/block/stone.png",
    "icon": {
      "item": "yetsomeotherbackroomsmod:level_0_bottom_wall"
    },
    "title": {
      "translate": "advancements.welcome_in_hell.title"
    },
    "description": {
      "translate": "advancements.welcome_in_hell.descr"
    },
    "frame": "task",
    "show_toast": true,
    "announce_to_chat": true,
    "hidden": true
  },
  "criteria": {
    "welcome_in_hell_0": {
      "trigger": "minecraft:location",
      "conditions": {
        "player": [
          {
            "condition": "minecraft:entity_properties",
            "entity": "this",
            "predicate": {
              "location": {
                "biome": "yetsomeotherbackroomsmod:level_0"
              }
            }
          }
        ]
      }
    }
  }
}