{
  "credit": "Made with Blockbench",
  "parent": "block/block",
  "ambientocclusion": false,
  "texture_size": [
    64,
    64
  ],
  "elements": [
    {
      "from": [
        3,
        14,
        3
      ],
      "to": [
        13,
        16,
        13
      ],
      "rotation": {
        "angle": 0,
        "axis": "y",
        "origin": [
          8,
          13,
          9
        ]
      },
      "faces": {
        "north": {
          "uv": [
            2.5,
            9,
            5,
            9.5
          ],
          "texture": "#2"
        },
        "east": {
          "uv": [
            0,
            9,
            2.5,
            9.5
          ],
          "texture": "#2"
        },
        "south": {
          "uv": [
            7.5,
            9,
            10,
            9.5
          ],
          "texture": "#2"
        },
        "west": {
          "uv": [
            5,
            9,
            7.5,
            9.5
          ],
          "texture": "#2"
        },
        "up": {
          "uv": [
            5,
            9,
            2.5,
            6.5
          ],
          "texture": "#2"
        },
        "down": {
          "uv": [
            7.5,
            6.5,
            5,
            9
          ],
          "texture": "#2"
        }
      }
    },
    {
      "from": [
        4,
        -4,
        4
      ],
      "to": [
        12,
        14,
        12
      ],
      "rotation": {
        "angle": 0,
        "axis": "y",
        "origin": [
          8,
          7,
          9
        ]
      },
      "faces": {
        "north": {
          "uv": [
            2,
            2,
            4,
            6.5
          ],
          "texture": "#2"
        },
        "east": {
          "uv": [
            0,
            2,
            2,
            6.5
          ],
          "texture": "#2"
        },
        "south": {
          "uv": [
            6,
            2,
            8,
            6.5
          ],
          "texture": "#2"
        },
        "west": {
          "uv": [
            4,
            2,
            6,
            6.5
          ],
          "texture": "#2"
        },
        "up": {
          "uv": [
            4,
            2,
            2,
            0
          ],
          "texture": "#2"
        },
        "down": {
          "uv": [
            6,
            0,
            4,
            2
          ],
          "texture": "#2"
        }
      }
    }
  ]
}